variant,workload,nkeys,threads,seconds,seed,ops,total_finds,total_inserts,total_misses,ops_per_s,cycles,LLC-load-misses,LLC-store-misses,cycles_per_op
coarse,insert,1000000,16,2,1,1838224,0,1838224,0,918812.0,,,,
coarse,insert,1000000,16,2,2,1755913,0,1755913,0,877599.0,,,,
coarse,insert,1000000,16,2,3,1770276,0,1770276,0,884700.0,,,,
coarse,insert,1000000,16,2,4,1807275,0,1807275,0,903166.0,,,,
coarse,insert,1000000,16,2,5,1767098,0,1767098,0,883219.0,,,,
coarse,insert,1000000,1,2,1,10042808,0,10042808,0,5020960.0,,,,
coarse,insert,1000000,1,2,2,9719799,0,9719799,0,4859120.0,,,,
coarse,insert,1000000,1,2,3,10040537,0,10040537,0,5019440.0,,,,
coarse,insert,1000000,1,2,4,9603733,0,9603733,0,4801050.0,,,,
coarse,insert,1000000,1,2,5,9839158,0,9839158,0,4918630.0,,,,
coarse,insert,1000000,2,2,1,4769242,0,4769242,0,2384200.0,,,,
coarse,insert,1000000,2,2,2,4729246,0,4729246,0,2364140.0,,,,
coarse,insert,1000000,2,2,3,4785885,0,4785885,0,2392530.0,,,,
coarse,insert,1000000,2,2,4,4810987,0,4810987,0,2405230.0,,,,
coarse,insert,1000000,2,2,5,4663335,0,4663335,0,2331370.0,,,,
coarse,insert,1000000,4,2,1,2830651,0,2830651,0,1415130.0,,,,
coarse,insert,1000000,4,2,2,2679961,0,2679961,0,1339810.0,,,,
coarse,insert,1000000,4,2,3,2708200,0,2708200,0,1353910.0,,,,
coarse,insert,1000000,4,2,4,2737720,0,2737720,0,1368660.0,,,,
coarse,insert,1000000,4,2,5,2684928,0,2684928,0,1342300.0,,,,
coarse,insert,1000000,8,2,1,2029272,0,2029272,0,1014380.0,,,,
coarse,insert,1000000,8,2,2,2065138,0,2065138,0,1032340.0,,,,
coarse,insert,1000000,8,2,3,2093394,0,2093394,0,1046360.0,,,,
coarse,insert,1000000,8,2,4,2032214,0,2032214,0,1015890.0,,,,
coarse,insert,1000000,8,2,5,2069432,0,2069432,0,1034500.0,,,,
coarse,insert,100000,16,2,1,2904900,0,2904900,0,1451910.0,,,,
coarse,insert,100000,16,2,2,3232170,0,3232170,0,1615410.0,,,,
coarse,insert,100000,16,2,3,3649901,0,3649901,0,1824200.0,,,,
coarse,insert,100000,16,2,4,3292227,0,3292227,0,1645420.0,,,,
coarse,insert,100000,16,2,5,3204136,0,3204136,0,1601400.0,,,,
coarse,insert,100000,1,2,1,9767507,0,9767507,0,4882850.0,,,,
coarse,insert,100000,1,2,2,14071282,0,14071282,0,7034430.0,,,,
coarse,insert,100000,1,2,3,15014925,0,15014925,0,7505610.0,,,,
coarse,insert,100000,1,2,4,12205138,0,12205138,0,6100950.0,,,,
coarse,insert,100000,1,2,5,9484271,0,9484271,0,4741010.0,,,,
coarse,insert,100000,2,2,1,6751571,0,6751571,0,3374900.0,,,,
coarse,insert,100000,2,2,2,6084782,0,6084782,0,3041780.0,,,,
coarse,insert,100000,2,2,3,5906849,0,5906849,0,2952660.0,,,,
coarse,insert,100000,2,2,4,5934973,0,5934973,0,2966700.0,,,,
coarse,insert,100000,2,2,5,5458262,0,5458262,0,2728590.0,,,,
coarse,insert,100000,4,2,1,2407227,0,2407227,0,1203270.0,,,,
coarse,insert,100000,4,2,2,3441454,0,3441454,0,1720180.0,,,,
coarse,insert,100000,4,2,3,2402671,0,2402671,0,1201050.0,,,,
coarse,insert,100000,4,2,4,2908195,0,2908195,0,1453620.0,,,,
coarse,insert,100000,4,2,5,3022534,0,3022534,0,1510670.0,,,,
coarse,insert,100000,8,2,1,1571911,0,1571911,0,785528.0,,,,
coarse,insert,100000,8,2,2,1645276,0,1645276,0,822152.0,,,,
coarse,insert,100000,8,2,3,1397237,0,1397237,0,698275.0,,,,
coarse,insert,100000,8,2,4,1870180,0,1870180,0,934612.0,,,,
coarse,insert,100000,8,2,5,1661717,0,1661717,0,830575.0,,,,
coarse,insert,10000,16,2,1,1252920,0,1252920,0,625947.0,,,,
coarse,insert,10000,16,2,2,1466747,0,1466747,0,732670.0,,,,
coarse,insert,10000,16,2,3,1241553,0,1241553,0,620139.0,,,,
coarse,insert,10000,16,2,4,1370966,0,1370966,0,684827.0,,,,
coarse,insert,10000,16,2,5,1273325,0,1273325,0,636058.0,,,,
coarse,insert,10000,1,2,1,34907232,0,34907232,0,17449700.0,,,,
coarse,insert,10000,1,2,2,33665166,0,33665166,0,16828700.0,,,,
coarse,insert,10000,1,2,3,39021923,0,39021923,0,19506800.0,,,,
coarse,insert,10000,1,2,4,41222144,0,41222144,0,20607400.0,,,,
coarse,insert,10000,1,2,5,39970672,0,39970672,0,19981200.0,,,,
coarse,insert,10000,2,2,1,6001863,0,6001863,0,3000120.0,,,,
coarse,insert,10000,2,2,2,6052044,0,6052044,0,3025140.0,,,,
coarse,insert,10000,2,2,3,6150488,0,6150488,0,3074390.0,,,,
coarse,insert,10000,2,2,4,6381845,0,6381845,0,3189980.0,,,,
coarse,insert,10000,2,2,5,6130968,0,6130968,0,3064920.0,,,,
coarse,insert,10000,4,2,1,5028868,0,5028868,0,2513920.0,,,,
coarse,insert,10000,4,2,2,4170328,0,4170328,0,2084540.0,,,,
coarse,insert,10000,4,2,3,3959332,0,3959332,0,1979090.0,,,,
coarse,insert,10000,4,2,4,3322713,0,3322713,0,1660900.0,,,,
coarse,insert,10000,4,2,5,3935283,0,3935283,0,1967100.0,,,,
coarse,insert,10000,8,2,1,1974357,0,1974357,0,986699.0,,,,
coarse,insert,10000,8,2,2,1930658,0,1930658,0,964813.0,,,,
coarse,insert,10000,8,2,3,2290823,0,2290823,0,1144810.0,,,,
coarse,insert,10000,8,2,4,1902784,0,1902784,0,950902.0,,,,
coarse,insert,10000,8,2,5,2420778,0,2420778,0,1209760.0,,,,
coarse,lookup,1000000,16,2,1,867269,867269,0,0,432878.0,,,,
coarse,lookup,1000000,16,2,2,1015057,1015057,0,0,506464.0,,,,
coarse,lookup,1000000,16,2,3,869687,869687,0,0,434053.0,,,,
coarse,lookup,1000000,16,2,4,984597,984597,0,0,491422.0,,,,
coarse,lookup,1000000,16,2,5,875108,875108,0,0,436670.0,,,,
coarse,lookup,1000000,1,2,1,6464277,6464277,0,0,3231150.0,,,,
coarse,lookup,1000000,1,2,2,6208405,6208405,0,0,3103250.0,,,,
coarse,lookup,1000000,1,2,3,5877551,5877551,0,0,2937920.0,,,,
coarse,lookup,1000000,1,2,4,6358422,6358422,0,0,3178270.0,,,,
coarse,lookup,1000000,1,2,5,6539548,6539548,0,0,3268860.0,,,,
coarse,lookup,1000000,2,2,1,4438006,4438006,0,0,2218110.0,,,,
coarse,lookup,1000000,2,2,2,4484581,4484581,0,0,2241690.0,,,,
coarse,lookup,1000000,2,2,3,4513862,4513862,0,0,2256420.0,,,,
coarse,lookup,1000000,2,2,4,4536392,4536392,0,0,2267310.0,,,,
coarse,lookup,1000000,2,2,5,4325351,4325351,0,0,2162060.0,,,,
coarse,lookup,1000000,4,2,1,2105446,2105446,0,0,1052210.0,,,,
coarse,lookup,1000000,4,2,2,2071844,2071844,0,0,1035520.0,,,,
coarse,lookup,1000000,4,2,3,2022308,2022308,0,0,1010660.0,,,,
coarse,lookup,1000000,4,2,4,2182841,2182841,0,0,1090910.0,,,,
coarse,lookup,1000000,4,2,5,2104076,2104076,0,0,1051550.0,,,,
coarse,lookup,1000000,8,2,1,1259617,1259617,0,0,629300.0,,,,
coarse,lookup,1000000,8,2,2,1093990,1093990,0,0,546505.0,,,,
coarse,lookup,1000000,8,2,3,1155425,1155425,0,0,577136.0,,,,
coarse,lookup,1000000,8,2,4,1288372,1288372,0,0,643724.0,,,,
coarse,lookup,1000000,8,2,5,1126766,1126766,0,0,562877.0,,,,
coarse,lookup,100000,16,2,1,1261916,1261916,0,0,629394.0,,,,
coarse,lookup,100000,16,2,2,1711139,1711139,0,0,853742.0,,,,
coarse,lookup,100000,16,2,3,1655088,1655088,0,0,825827.0,,,,
coarse,lookup,100000,16,2,4,1572834,1572834,0,0,784998.0,,,,
coarse,lookup,100000,16,2,5,1241353,1241353,0,0,619362.0,,,,
coarse,lookup,100000,1,2,1,36944478,36944478,0,0,18468900.0,,,,
coarse,lookup,100000,1,2,2,35043277,35043277,0,0,17516600.0,,,,
coarse,lookup,100000,1,2,3,35586048,35586048,0,0,17789800.0,,,,
coarse,lookup,100000,1,2,4,36542581,36542581,0,0,18267900.0,,,,
coarse,lookup,100000,1,2,5,32469773,32469773,0,0,16230700.0,,,,
coarse,lookup,100000,2,2,1,8218446,8218446,0,0,4107900.0,,,,
coarse,lookup,100000,2,2,2,7121477,7121477,0,0,3559650.0,,,,
coarse,lookup,100000,2,2,3,9136003,9136003,0,0,4566690.0,,,,
coarse,lookup,100000,2,2,4,6985151,6985151,0,0,3491190.0,,,,
coarse,lookup,100000,2,2,5,7686397,7686397,0,0,3842430.0,,,,
coarse,lookup,100000,4,2,1,3326639,3326639,0,0,1662310.0,,,,
coarse,lookup,100000,4,2,2,5606266,5606266,0,0,2801410.0,,,,
coarse,lookup,100000,4,2,3,5188254,5188254,0,0,2592600.0,,,,
coarse,lookup,100000,4,2,4,5275382,5275382,0,0,2636300.0,,,,
coarse,lookup,100000,4,2,5,4211432,4211432,0,0,2104590.0,,,,
coarse,lookup,100000,8,2,1,1942522,1942522,0,0,970456.0,,,,
coarse,lookup,100000,8,2,2,2813336,2813336,0,0,1405100.0,,,,
coarse,lookup,100000,8,2,3,2738817,2738817,0,0,1367850.0,,,,
coarse,lookup,100000,8,2,4,2529987,2529987,0,0,1263560.0,,,,
coarse,lookup,100000,8,2,5,1852911,1852911,0,0,925644.0,,,,
coarse,lookup,10000,16,2,1,2182934,2182934,0,0,1089190.0,,,,
coarse,lookup,10000,16,2,2,2060522,2060522,0,0,1028240.0,,,,
coarse,lookup,10000,16,2,3,2090142,2090142,0,0,1042700.0,,,,
coarse,lookup,10000,16,2,4,2117609,2117609,0,0,1056410.0,,,,
coarse,lookup,10000,16,2,5,2942086,2942086,0,0,1467940.0,,,,
coarse,lookup,10000,1,2,1,41658411,41658411,0,0,20824900.0,,,,
coarse,lookup,10000,1,2,2,56816732,56816732,0,0,28403800.0,,,,
coarse,lookup,10000,1,2,3,56000512,56000512,0,0,27995400.0,,,,
coarse,lookup,10000,1,2,4,56901632,56901632,0,0,28444800.0,,,,
coarse,lookup,10000,1,2,5,57677822,57677822,0,0,28834200.0,,,,
coarse,lookup,10000,2,2,1,11726562,11726562,0,0,5861240.0,,,,
coarse,lookup,10000,2,2,2,13732621,13732621,0,0,6864660.0,,,,
coarse,lookup,10000,2,2,3,10740476,10740476,0,0,5369010.0,,,,
coarse,lookup,10000,2,2,4,10027897,10027897,0,0,5012810.0,,,,
coarse,lookup,10000,2,2,5,10671081,10671081,0,0,5334210.0,,,,
coarse,lookup,10000,4,2,1,7130417,7130417,0,0,3563380.0,,,,
coarse,lookup,10000,4,2,2,7098109,7098109,0,0,3547170.0,,,,
coarse,lookup,10000,4,2,3,7930407,7930407,0,0,3962570.0,,,,
coarse,lookup,10000,4,2,4,7319919,7319919,0,0,3658110.0,,,,
coarse,lookup,10000,4,2,5,7041558,7041558,0,0,3518720.0,,,,
coarse,lookup,10000,8,2,1,4052663,4052663,0,0,2024080.0,,,,
coarse,lookup,10000,8,2,2,3485536,3485536,0,0,1741150.0,,,,
coarse,lookup,10000,8,2,3,4377634,4377634,0,0,2186720.0,,,,
coarse,lookup,10000,8,2,4,3450782,3450782,0,0,1723570.0,,,,
coarse,lookup,10000,8,2,5,3374414,3374414,0,0,1685940.0,,,,
coarse,mixed,1000000,16,2,1,1527845,1069311,458534,0,763536.0,,,,
coarse,mixed,1000000,16,2,2,1473779,1030915,442864,0,736403.0,,,,
coarse,mixed,1000000,16,2,3,1452541,1017428,435113,0,725841.0,,,,
coarse,mixed,1000000,16,2,4,1381276,966698,414578,0,690142.0,,,,
coarse,mixed,1000000,16,2,5,1352264,947295,404969,0,675664.0,,,,
coarse,mixed,1000000,1,2,1,7262401,5084914,2177487,0,3630440.0,,,,
coarse,mixed,1000000,1,2,2,9114200,6377584,2736616,0,4556290.0,,,,
coarse,mixed,1000000,1,2,3,11089893,7762199,3327694,0,5543980.0,,,,
coarse,mixed,1000000,1,2,4,11427406,8000110,3427296,0,5712890.0,,,,
coarse,mixed,1000000,1,2,5,7313771,5117933,2195838,0,3656240.0,,,,
coarse,mixed,1000000,2,2,1,5495051,3845307,1649744,0,2746990.0,,,,
coarse,mixed,1000000,2,2,2,5499810,3850746,1649064,0,2749370.0,,,,
coarse,mixed,1000000,2,2,3,5514087,3859211,1654876,0,2756720.0,,,,
coarse,mixed,1000000,2,2,4,5366355,3755058,1611297,0,2682780.0,,,,
coarse,mixed,1000000,2,2,5,5516447,3860868,1655579,0,2757740.0,,,,
coarse,mixed,1000000,4,2,1,2952058,2065778,886280,0,1475810.0,,,,
coarse,mixed,1000000,4,2,2,2856128,1999178,856950,0,1427790.0,,,,
coarse,mixed,1000000,4,2,3,3007284,2105432,901852,0,1503400.0,,,,
coarse,mixed,1000000,4,2,4,2983559,2088434,895125,0,1491410.0,,,,
coarse,mixed,1000000,4,2,5,2927241,2050335,876906,0,1463350.0,,,,
coarse,mixed,1000000,8,2,1,1766925,1236824,530101,0,883146.0,,,,
coarse,mixed,1000000,8,2,2,1796868,1256462,540406,0,898109.0,,,,
coarse,mixed,1000000,8,2,3,1736668,1216447,520221,0,868070.0,,,,
coarse,mixed,1000000,8,2,4,1827044,1279301,547743,0,913266.0,,,,
coarse,mixed,1000000,8,2,5,1739867,1218536,521331,0,869697.0,,,,
coarse,mixed,100000,16,2,1,2168867,1518011,650856,0,1083660.0,,,,
coarse,mixed,100000,16,2,2,2109270,1475418,633852,0,1053800.0,,,,
coarse,mixed,100000,16,2,3,1861322,1303627,557695,0,930119.0,,,,
coarse,mixed,100000,16,2,4,1861035,1302541,558494,0,929867.0,,,,
coarse,mixed,100000,16,2,5,2010902,1408459,602443,0,1004880.0,,,,
coarse,mixed,100000,1,2,1,21565608,15094562,6471046,0,10781400.0,,,,
coarse,mixed,100000,1,2,2,31250849,21873014,9377835,0,15622400.0,,,,
coarse,mixed,100000,1,2,3,27492211,19245794,8246417,0,13744300.0,,,,
coarse,mixed,100000,1,2,4,35828668,25078429,10750239,0,17911600.0,,,,
coarse,mixed,100000,1,2,5,29635860,20742252,8893608,0,14816500.0,,,,
coarse,mixed,100000,2,2,1,15412733,10788701,4624032,0,7704990.0,,,,
coarse,mixed,100000,2,2,2,11839991,8288948,3551043,0,5918810.0,,,,
coarse,mixed,100000,2,2,3,11472498,8029993,3442505,0,5735250.0,,,,
coarse,mixed,100000,2,2,4,16658430,11659977,4998453,0,8328220.0,,,,
coarse,mixed,100000,2,2,5,14390723,10072455,4318268,0,7194540.0,,,,
coarse,mixed,100000,4,2,1,6956005,4868758,2087247,0,3477370.0,,,,
coarse,mixed,100000,4,2,2,4269158,2988712,1280446,0,2134230.0,,,,
coarse,mixed,100000,4,2,3,6078294,4253442,1824852,0,3038670.0,,,,
coarse,mixed,100000,4,2,4,5685487,3979302,1706185,0,2842310.0,,,,
coarse,mixed,100000,4,2,5,6443602,4510934,1932668,0,3221240.0,,,,
coarse,mixed,100000,8,2,1,2758195,1931456,826739,0,1378560.0,,,,
coarse,mixed,100000,8,2,2,2244026,1569548,674478,0,1121570.0,,,,
coarse,mixed,100000,8,2,3,2594192,1816153,778039,0,1296660.0,,,,
coarse,mixed,100000,8,2,4,3396453,2377720,1018733,0,1697480.0,,,,
coarse,mixed,100000,8,2,5,2308301,1616574,691727,0,1153790.0,,,,
coarse,mixed,10000,16,2,1,3623706,2536071,1087635,0,1810810.0,,,,
coarse,mixed,10000,16,2,2,3465415,2423626,1041789,0,1731590.0,,,,
coarse,mixed,10000,16,2,3,4316948,3022546,1294402,0,2157340.0,,,,
coarse,mixed,10000,16,2,4,3414692,2389185,1025507,0,1706340.0,,,,
coarse,mixed,10000,16,2,5,3314543,2320907,993636,0,1656370.0,,,,
coarse,mixed,10000,1,2,1,61176683,42824004,18352679,0,30583000.0,,,,
coarse,mixed,10000,1,2,2,60039991,42023927,18016064,0,30017300.0,,,,
coarse,mixed,10000,1,2,3,61346006,42949453,18396553,0,30670000.0,,,,
coarse,mixed,10000,1,2,4,69222400,48453457,20768943,0,34607400.0,,,,
coarse,mixed,10000,1,2,5,68648960,48050686,20598274,0,34320100.0,,,,
coarse,mixed,10000,2,2,1,23338955,16338567,7000388,0,11668400.0,,,,
coarse,mixed,10000,2,2,2,18671189,13070111,5601078,0,9333960.0,,,,
coarse,mixed,10000,2,2,3,29312959,20517816,8795143,0,14653900.0,,,,
coarse,mixed,10000,2,2,4,21872144,15309512,6562632,0,10934100.0,,,,
coarse,mixed,10000,2,2,5,18305391,12811283,5494108,0,9151470.0,,,,
coarse,mixed,10000,4,2,1,13585630,9511337,4074293,0,6791580.0,,,,
coarse,mixed,10000,4,2,2,14022146,9817126,4205020,0,7009850.0,,,,
coarse,mixed,10000,4,2,3,15107513,10572942,4534571,0,7552350.0,,,,
coarse,mixed,10000,4,2,4,13295940,9307461,3988479,0,6646710.0,,,,
coarse,mixed,10000,4,2,5,11318911,7923416,3395495,0,5658300.0,,,,
coarse,mixed,10000,8,2,1,7852192,5497507,2354685,0,3924680.0,,,,
coarse,mixed,10000,8,2,2,6375055,4461555,1913500,0,3186310.0,,,,
coarse,mixed,10000,8,2,3,4966395,3476654,1489741,0,2482310.0,,,,
coarse,mixed,10000,8,2,4,5355953,3749404,1606549,0,2676990.0,,,,
coarse,mixed,10000,8,2,5,4285014,3000285,1284729,0,2141830.0,,,,
striped,insert,1000000,16,2,1,40723566,0,40723566,0,20351600.0,,,,
striped,insert,1000000,16,2,2,36155478,0,36155478,0,18057900.0,,,,
striped,insert,1000000,16,2,3,32835012,0,32835012,0,16403900.0,,,,
striped,insert,1000000,16,2,4,33895184,0,33895184,0,16936200.0,,,,
striped,insert,1000000,16,2,5,33919544,0,33919544,0,16950200.0,,,,
striped,insert,1000000,1,2,1,6872763,0,6872763,0,3435840.0,,,,
striped,insert,1000000,1,2,2,10078050,0,10078050,0,5038140.0,,,,
striped,insert,1000000,1,2,3,10158080,0,10158080,0,5078710.0,,,,
striped,insert,1000000,1,2,4,5946971,0,5946971,0,2973180.0,,,,
striped,insert,1000000,1,2,5,8846233,0,8846233,0,4422250.0,,,,
striped,insert,1000000,2,2,1,19008954,0,19008954,0,9503170.0,,,,
striped,insert,1000000,2,2,2,17855172,0,17855172,0,8926010.0,,,,
striped,insert,1000000,2,2,3,18594434,0,18594434,0,9295570.0,,,,
striped,insert,1000000,2,2,4,18424859,0,18424859,0,9211170.0,,,,
striped,insert,1000000,2,2,5,18126854,0,18126854,0,9061540.0,,,,
striped,insert,1000000,4,2,1,29645497,0,29645497,0,14819300.0,,,,
striped,insert,1000000,4,2,2,30512646,0,30512646,0,15253100.0,,,,
striped,insert,1000000,4,2,3,30263629,0,30263629,0,15128100.0,,,,
striped,insert,1000000,4,2,4,30689667,0,30689667,0,15342300.0,,,,
striped,insert,1000000,4,2,5,29474484,0,29474484,0,14735000.0,,,,
striped,insert,1000000,8,2,1,35663167,0,35663167,0,17825800.0,,,,
striped,insert,1000000,8,2,2,35525296,0,35525296,0,17755200.0,,,,
striped,insert,1000000,8,2,3,36187925,0,36187925,0,18084600.0,,,,
striped,insert,1000000,8,2,4,35599188,0,35599188,0,17791200.0,,,,
striped,insert,1000000,8,2,5,35745976,0,35745976,0,17866200.0,,,,
striped,insert,100000,16,2,1,81482609,0,81482609,0,40711700.0,,,,
striped,insert,100000,16,2,2,68839636,0,68839636,0,34399400.0,,,,
striped,insert,100000,16,2,3,69574156,0,69574156,0,34753900.0,,,,
striped,insert,100000,16,2,4,69979552,0,69979552,0,34968200.0,,,,
striped,insert,100000,16,2,5,69605124,0,69605124,0,34775000.0,,,,
striped,insert,100000,1,2,1,31396388,0,31396388,0,15695300.0,,,,
striped,insert,100000,1,2,2,36189329,0,36189329,0,18092800.0,,,,
striped,insert,100000,1,2,3,34794103,0,34794103,0,17395200.0,,,,
striped,insert,100000,1,2,4,35003447,0,35003447,0,17499600.0,,,,
striped,insert,100000,1,2,5,33554432,0,33554432,0,16775400.0,,,,
striped,insert,100000,2,2,1,60578930,0,60578930,0,30286100.0,,,,
striped,insert,100000,2,2,2,63937411,0,63937411,0,31964500.0,,,,
striped,insert,100000,2,2,3,60951705,0,60951705,0,30471500.0,,,,
striped,insert,100000,2,2,4,64113203,0,64113203,0,32053100.0,,,,
striped,insert,100000,2,2,5,65163673,0,65163673,0,32577500.0,,,,
striped,insert,100000,4,2,1,87391752,0,87391752,0,43690600.0,,,,
striped,insert,100000,4,2,2,84637092,0,84637092,0,42312500.0,,,,
striped,insert,100000,4,2,3,85557936,0,85557936,0,42772800.0,,,,
striped,insert,100000,4,2,4,87019563,0,87019563,0,43502200.0,,,,
striped,insert,100000,4,2,5,85867218,0,85867218,0,42923200.0,,,,
striped,insert,100000,8,2,1,77970521,0,77970521,0,38969000.0,,,,
striped,insert,100000,8,2,2,79126134,0,79126134,0,39551400.0,,,,
striped,insert,100000,8,2,3,77977626,0,77977626,0,38975100.0,,,,
striped,insert,100000,8,2,4,78050845,0,78050845,0,39011100.0,,,,
striped,insert,100000,8,2,5,78215200,0,78215200,0,39096300.0,,,,
striped,insert,10000,16,2,1,100792337,0,100792337,0,50371000.0,,,,
striped,insert,10000,16,2,2,85940389,0,85940389,0,42939300.0,,,,
striped,insert,10000,16,2,3,83774761,0,83774761,0,41852000.0,,,,
striped,insert,10000,16,2,4,85612977,0,85612977,0,42771400.0,,,,
striped,insert,10000,16,2,5,86519884,0,86519884,0,43233100.0,,,,
striped,insert,10000,1,2,1,56459264,0,56459264,0,28227200.0,,,,
striped,insert,10000,1,2,2,58507264,0,58507264,0,29247400.0,,,,
striped,insert,10000,1,2,3,61744868,0,61744868,0,30868100.0,,,,
striped,insert,10000,1,2,4,60996971,0,60996971,0,30494700.0,,,,
striped,insert,10000,1,2,5,61849600,0,61849600,0,30920100.0,,,,
striped,insert,10000,2,2,1,78200832,0,78200832,0,39097100.0,,,,
striped,insert,10000,2,2,2,81074969,0,81074969,0,40534000.0,,,,
striped,insert,10000,2,2,3,80220760,0,80220760,0,40103600.0,,,,
striped,insert,10000,2,2,4,69451573,0,69451573,0,34722700.0,,,,
striped,insert,10000,2,2,5,75863532,0,75863532,0,37926000.0,,,,
striped,insert,10000,4,2,1,111129816,0,111129816,0,55552200.0,,,,
striped,insert,10000,4,2,2,95129256,0,95129256,0,47555400.0,,,,
striped,insert,10000,4,2,3,92767738,0,92767738,0,46375900.0,,,,
striped,insert,10000,4,2,4,94073181,0,94073181,0,47024500.0,,,,
striped,insert,10000,4,2,5,93780050,0,93780050,0,46881000.0,,,,
striped,insert,10000,8,2,1,94806328,0,94806328,0,47390500.0,,,,
striped,insert,10000,8,2,2,92614398,0,92614398,0,46293800.0,,,,
striped,insert,10000,8,2,3,88688252,0,88688252,0,44327300.0,,,,
striped,insert,10000,8,2,4,92981270,0,92981270,0,46469100.0,,,,
striped,insert,10000,8,2,5,94684466,0,94684466,0,47327600.0,,,,
striped,lookup,1000000,16,2,1,48779309,48779309,0,0,24357100.0,,,,
striped,lookup,1000000,16,2,2,46964284,46964284,0,0,23439300.0,,,,
striped,lookup,1000000,16,2,3,45348554,45348554,0,0,22626800.0,,,,
striped,lookup,1000000,16,2,4,41772149,41772149,0,0,20838900.0,,,,
striped,lookup,1000000,16,2,5,43453140,43453140,0,0,21685300.0,,,,
striped,lookup,1000000,1,2,1,11812864,11812864,0,0,5905520.0,,,,
striped,lookup,1000000,1,2,2,7752423,7752423,0,0,3875710.0,,,,
striped,lookup,1000000,1,2,3,14453137,14453137,0,0,7225080.0,,,,
striped,lookup,1000000,1,2,4,11553531,11553531,0,0,5775570.0,,,,
striped,lookup,1000000,1,2,5,14343614,14343614,0,0,7171060.0,,,,
striped,lookup,1000000,2,2,1,26743533,26743533,0,0,13369300.0,,,,
striped,lookup,1000000,2,2,2,18930745,18930745,0,0,9462990.0,,,,
striped,lookup,1000000,2,2,3,24307604,24307604,0,0,12151200.0,,,,
striped,lookup,1000000,2,2,4,24151134,24151134,0,0,12074200.0,,,,
striped,lookup,1000000,2,2,5,27090305,27090305,0,0,13542000.0,,,,
striped,lookup,1000000,4,2,1,38680458,38680458,0,0,19335800.0,,,,
striped,lookup,1000000,4,2,2,37956768,37956768,0,0,18973700.0,,,,
striped,lookup,1000000,4,2,3,39709086,39709086,0,0,19850300.0,,,,
striped,lookup,1000000,4,2,4,38535103,38535103,0,0,19262500.0,,,,
striped,lookup,1000000,4,2,5,38444683,38444683,0,0,19218400.0,,,,
striped,lookup,1000000,8,2,1,53906626,53906626,0,0,26934500.0,,,,
striped,lookup,1000000,8,2,2,51165322,51165322,0,0,25567500.0,,,,
striped,lookup,1000000,8,2,3,43296243,43296243,0,0,21634600.0,,,,
striped,lookup,1000000,8,2,4,52988158,52988158,0,0,26476000.0,,,,
striped,lookup,1000000,8,2,5,53314451,53314451,0,0,26638400.0,,,,
striped,lookup,100000,16,2,1,96894950,96894950,0,0,48380000.0,,,,
striped,lookup,100000,16,2,2,81201637,81201637,0,0,40537200.0,,,,
striped,lookup,100000,16,2,3,85050732,85050732,0,0,42466800.0,,,,
striped,lookup,100000,16,2,4,84627733,84627733,0,0,42256100.0,,,,
striped,lookup,100000,16,2,5,89962512,89962512,0,0,44920900.0,,,,
striped,lookup,100000,1,2,1,18504089,18504089,0,0,9250360.0,,,,
striped,lookup,100000,1,2,2,25595981,25595981,0,0,12795800.0,,,,
striped,lookup,100000,1,2,3,22087652,22087652,0,0,11042400.0,,,,
striped,lookup,100000,1,2,4,20308265,20308265,0,0,10151700.0,,,,
striped,lookup,100000,1,2,5,22428106,22428106,0,0,11212100.0,,,,
striped,lookup,100000,2,2,1,49839018,49839018,0,0,24915700.0,,,,
striped,lookup,100000,2,2,2,46506891,46506891,0,0,23247600.0,,,,
striped,lookup,100000,2,2,3,64600357,64600357,0,0,32293600.0,,,,
striped,lookup,100000,2,2,4,55438574,55438574,0,0,27711900.0,,,,
striped,lookup,100000,2,2,5,59942047,59942047,0,0,29965400.0,,,,
striped,lookup,100000,4,2,1,123521327,123521327,0,0,61739600.0,,,,
striped,lookup,100000,4,2,2,118924061,118924061,0,0,59451100.0,,,,
striped,lookup,100000,4,2,3,82098994,82098994,0,0,41040700.0,,,,
striped,lookup,100000,4,2,4,112793937,112793937,0,0,56378800.0,,,,
striped,lookup,100000,4,2,5,107923610,107923610,0,0,53947100.0,,,,
striped,lookup,100000,8,2,1,96029495,96029495,0,0,47987700.0,,,,
striped,lookup,100000,8,2,2,88951068,88951068,0,0,44449300.0,,,,
striped,lookup,100000,8,2,3,97365811,97365811,0,0,48653600.0,,,,
striped,lookup,100000,8,2,4,99406397,99406397,0,0,49677500.0,,,,
striped,lookup,100000,8,2,5,92014319,92014319,0,0,45985600.0,,,,
striped,lookup,10000,16,2,1,121487674,121487674,0,0,60661100.0,,,,
striped,lookup,10000,16,2,2,112663767,112663767,0,0,56259600.0,,,,
striped,lookup,10000,16,2,3,109794508,109794508,0,0,54806800.0,,,,
striped,lookup,10000,16,2,4,109290082,109290082,0,0,54604700.0,,,,
striped,lookup,10000,16,2,5,106395646,106395646,0,0,53138400.0,,,,
striped,lookup,10000,1,2,1,66188648,66188648,0,0,33087800.0,,,,
striped,lookup,10000,1,2,2,78643200,78643200,0,0,39315700.0,,,,
striped,lookup,10000,1,2,3,83836087,83836087,0,0,41911500.0,,,,
striped,lookup,10000,1,2,4,89553577,89553577,0,0,44771400.0,,,,
striped,lookup,10000,1,2,5,80328714,80328714,0,0,40155800.0,,,,
striped,lookup,10000,2,2,1,92932419,92932419,0,0,46456500.0,,,,
striped,lookup,10000,2,2,2,95792942,95792942,0,0,47890300.0,,,,
striped,lookup,10000,2,2,3,90873510,90873510,0,0,45430500.0,,,,
striped,lookup,10000,2,2,4,89592995,89592995,0,0,44785100.0,,,,
striped,lookup,10000,2,2,5,99577652,99577652,0,0,49783800.0,,,,
striped,lookup,10000,4,2,1,117282053,117282053,0,0,58626100.0,,,,
striped,lookup,10000,4,2,2,107407533,107407533,0,0,53688800.0,,,,
striped,lookup,10000,4,2,3,113194506,113194506,0,0,56586200.0,,,,
striped,lookup,10000,4,2,4,118485558,118485558,0,0,59223200.0,,,,
striped,lookup,10000,4,2,5,106329600,106329600,0,0,53145500.0,,,,
striped,lookup,10000,8,2,1,128296163,128296163,0,0,64109100.0,,,,
striped,lookup,10000,8,2,2,108253884,108253884,0,0,54086800.0,,,,
striped,lookup,10000,8,2,3,109042714,109042714,0,0,54498700.0,,,,
striped,lookup,10000,8,2,4,118514993,118514993,0,0,59223200.0,,,,
striped,lookup,10000,8,2,5,106801022,106801022,0,0,53370300.0,,,,
striped,mixed,1000000,16,2,1,41270114,28885251,12384863,0,20623500.0,,,,
striped,mixed,1000000,16,2,2,40350378,28243833,12106545,0,20162000.0,,,,
striped,mixed,1000000,16,2,3,41383316,28967127,12416189,0,20679900.0,,,,
striped,mixed,1000000,16,2,4,41105681,28770415,12335266,0,20541600.0,,,,
striped,mixed,1000000,16,2,5,41325091,28935349,12389742,0,20643600.0,,,,
striped,mixed,1000000,1,2,1,11328809,7931304,3397505,0,5663270.0,,,,
striped,mixed,1000000,1,2,2,12541543,8775859,3765684,0,6269630.0,,,,
striped,mixed,1000000,1,2,3,12527612,8768723,3758889,0,6262860.0,,,,
striped,mixed,1000000,1,2,4,12363619,8655351,3708268,0,6180700.0,,,,
striped,mixed,1000000,1,2,5,12350575,8643170,3707405,0,6174270.0,,,,
striped,mixed,1000000,2,2,1,22825852,15978024,6847828,0,11410900.0,,,,
striped,mixed,1000000,2,2,2,19171417,13420877,5750540,0,9584700.0,,,,
striped,mixed,1000000,2,2,3,20863465,14603789,6259676,0,10429700.0,,,,
striped,mixed,1000000,2,2,4,21742513,15219134,6523379,0,10869000.0,,,,
striped,mixed,1000000,2,2,5,21057998,14739281,6318717,0,10527500.0,,,,
striped,mixed,1000000,4,2,1,33065324,23148021,9917303,0,16528400.0,,,,
striped,mixed,1000000,4,2,2,32397293,22675988,9721305,0,16195200.0,,,,
striped,mixed,1000000,4,2,3,32305643,22609704,9695939,0,16146800.0,,,,
striped,mixed,1000000,4,2,4,32924498,23047133,9877365,0,16458400.0,,,,
striped,mixed,1000000,4,2,5,32955532,23069356,9886176,0,16474500.0,,,,
striped,mixed,1000000,8,2,1,43134357,30195357,12939000,0,21560000.0,,,,
striped,mixed,1000000,8,2,2,42659445,29861642,12797803,0,21324600.0,,,,
striped,mixed,1000000,8,2,3,42130830,29491088,12639742,0,21058500.0,,,,
striped,mixed,1000000,8,2,4,38559403,26993547,11565856,0,19269300.0,,,,
striped,mixed,1000000,8,2,5,40509640,28360885,12148755,0,20246500.0,,,,
striped,mixed,100000,16,2,1,89991104,62991623,26999481,0,44966000.0,,,,
striped,mixed,100000,16,2,2,75849760,53093062,22756698,0,37902100.0,,,,
striped,mixed,100000,16,2,3,75894506,53124979,22769527,0,37924900.0,,,,
striped,mixed,100000,16,2,4,76415256,53486415,22928841,0,38175700.0,,,,
striped,mixed,100000,16,2,5,77216625,54056848,23159777,0,38585000.0,,,,
striped,mixed,100000,1,2,1,33546038,23480677,10065361,0,16770900.0,,,,
striped,mixed,100000,1,2,2,39373180,27560021,11813159,0,19684300.0,,,,
striped,mixed,100000,1,2,3,39020075,27316241,11703834,0,19507200.0,,,,
striped,mixed,100000,1,2,4,38230559,26760139,11470420,0,19113400.0,,,,
striped,mixed,100000,1,2,5,38256640,26775898,11480742,0,19125400.0,,,,
striped,mixed,100000,2,2,1,67742486,47415865,20326621,0,33866200.0,,,,
striped,mixed,100000,2,2,2,65636693,45947795,19688898,0,32812700.0,,,,
striped,mixed,100000,2,2,3,65738482,46018028,19720454,0,32865900.0,,,,
striped,mixed,100000,2,2,4,65049621,45532007,19517614,0,32521900.0,,,,
striped,mixed,100000,2,2,5,63644192,44545031,19099161,0,31818400.0,,,,
striped,mixed,100000,4,2,1,99695809,69786677,29909132,0,49841500.0,,,,
striped,mixed,100000,4,2,2,94304940,66007953,28296987,0,47145400.0,,,,
striped,mixed,100000,4,2,3,89826406,62872193,26954213,0,44905700.0,,,,
striped,mixed,100000,4,2,4,90426005,63296734,27129271,0,45203600.0,,,,
striped,mixed,100000,4,2,5,91013766,63713245,27300521,0,45498800.0,,,,
striped,mixed,100000,8,2,1,84104464,58872833,25231631,0,42038300.0,,,,
striped,mixed,100000,8,2,2,79645346,55748711,23896635,0,39809100.0,,,,
striped,mixed,100000,8,2,3,81909123,57332360,24576763,0,40935600.0,,,,
striped,mixed,100000,8,2,4,81712867,57200127,24512740,0,40844100.0,,,,
striped,mixed,100000,8,2,5,82220726,57554287,24666439,0,41097400.0,,,,
striped,mixed,10000,16,2,1,109093479,76361323,32732156,0,54518800.0,,,,
striped,mixed,10000,16,2,2,92821363,64974155,27847208,0,46387700.0,,,,
striped,mixed,10000,16,2,3,92108537,64475172,27633365,0,46017600.0,,,,
striped,mixed,10000,16,2,4,93890653,65719173,28171480,0,46919600.0,,,,
striped,mixed,10000,16,2,5,94569455,66202148,28367307,0,47255000.0,,,,
striped,mixed,10000,1,2,1,42549248,29783427,12765821,0,21272200.0,,,,
striped,mixed,10000,1,2,2,60309504,42212622,18096882,0,30151800.0,,,,
striped,mixed,10000,1,2,3,60514578,42367359,18147219,0,30253900.0,,,,
striped,mixed,10000,1,2,4,59439340,41603088,17836252,0,29715500.0,,,,
striped,mixed,10000,1,2,5,59617278,41729063,17888215,0,29805700.0,,,,
striped,mixed,10000,2,2,1,81402014,56979567,24422447,0,40696600.0,,,,
striped,mixed,10000,2,2,2,76801667,53764782,23036885,0,38396400.0,,,,
striped,mixed,10000,2,2,3,76884961,53821096,23063865,0,38438700.0,,,,
striped,mixed,10000,2,2,4,76078586,53254487,22824099,0,38032000.0,,,,
striped,mixed,10000,2,2,5,76246951,53367704,22879247,0,38119000.0,,,,
striped,mixed,10000,4,2,1,116183172,81328993,34854179,0,58080000.0,,,,
striped,mixed,10000,4,2,2,114318912,80017261,34301651,0,57150700.0,,,,
striped,mixed,10000,4,2,3,104190008,72928317,31261691,0,52080700.0,,,,
striped,mixed,10000,4,2,4,99332164,69530966,29801198,0,49655200.0,,,,
striped,mixed,10000,4,2,5,101173559,70820781,30352778,0,50575700.0,,,,
striped,mixed,10000,8,2,1,106654411,74659679,31994732,0,53307800.0,,,,
striped,mixed,10000,8,2,2,101636130,71134856,30501274,0,50794900.0,,,,
striped,mixed,10000,8,2,3,102358207,71645121,30713086,0,51164400.0,,,,
striped,mixed,10000,8,2,4,102494836,71747540,30747296,0,51233100.0,,,,
striped,mixed,10000,8,2,5,103189664,72230627,30959037,0,51581800.0,,,,
